theta0,theta1
0.7959404,-0.6251261


