theta0,theta1
0.8158254,-0.67761284

