theta0,theta1
0.886326,-0.86370003


