theta0,theta1
0.6655018,-0.28084013
