theta0,theta1
0.80952406,-0.6609804

