theta0,theta1
0.77285355,-0.5641881
0.6655018,-0.28084013
