theta0,theta1
0.77285355,-0.5641881
