theta0,theta1
0.8604102,-0.7952951
3
